{
  "intrinsics": [
    [
      3328.38639056388,
      0,
      239.63160885282514
    ],
    [
      0,
      3328.38639056388,
      578.3084843261655
    ],
    [
      0,
      0,
      1
    ]
  ],
  "distortion": [
    0,
    0,
    0,
    0,
    0
  ]
}
